Wind_direction,Pressure,Humidity,Temperature
90.90,880.70,98.80,2.90
91.10,880.60,99.10,2.90
93.90,880.50,99.30,2.90
88.80,880.50,99.30,3.00
88.60,880.40,99.30,3.10
89.80,880.40,99.30,3.10
91.40,880.30,99.30,3.10
95.60,880.20,99.30,3.10
91.50,880.20,99.30,3.10
92.00,880.20,99.30,3.20
96.40,880.10,99.30,3.20
98.50,880.10,99.30,3.20
103.20,880.00,99.30,3.20
100.20,880.00,94.70,3.10
98.90,880.00,89.20,3.00
102.20,879.90,86.10,3.00
105.70,879.90,84.80,2.90
103.40,879.80,83.80,2.80
104.60,879.80,83.30,2.70
112.30,879.70,82.50,2.60
107.80,879.70,82.50,2.60
105.60,879.60,81.60,2.50
105.40,879.50,80.90,2.40
101.40,879.60,80.80,2.40
97.90,879.40,80.30,2.40
101.80,879.40,78.90,2.40
101.70,879.30,78.90,2.30
107.20,879.30,78.90,2.30
106.80,879.20,78.40,2.30
104.10,879.10,78.40,2.20
105.60,879.10,78.50,2.20
98.40,879.00,78.70,2.10
101.20,879.00,79.20,2.10
104.30,878.90,79.60,2.10
111.30,878.90,80.00,2.10
107.30,878.80,80.50,2.10
109.50,878.70,80.80,2.00
105.70,878.70,81.10,2.00
105.00,878.80,82.50,1.90
102.00,878.60,85.40,2.00
98.60,878.60,89.20,2.00
104.90,878.50,90.90,2.00
96.60,878.40,90.30,1.90
101.40,878.40,94.10,1.80
97.30,878.20,96.60,1.70
94.50,878.20,99.30,1.70
94.70,878.20,99.30,1.70
106.50,878.10,99.30,1.70
105.00,878.10,99.30,1.40
111.80,878.10,99.30,1.20
112.00,878.00,99.30,1.00
100.20,878.10,99.30,1.00
101.50,878.00,99.30,1.00
111.80,877.90,99.30,1.00
123.70,877.80,99.30,0.90
115.90,877.80,99.30,0.90
90.00,877.80,99.30,1.00
103.20,877.70,99.30,1.10
115.70,877.60,99.30,1.10
130.80,877.60,99.30,1.20
196.20,877.60,99.30,1.20
262.90,877.70,99.30,1.00
260.90,877.50,99.30,1.00
272.30,877.80,99.30,1.30
285.40,877.80,99.30,1.20
291.30,877.50,99.30,1.30
290.10,877.30,99.30,1.50
292.30,877.20,99.30,1.80
288.30,877.20,99.30,1.90
284.00,877.10,99.30,1.90
292.30,877.10,99.30,2.00
294.80,877.10,99.30,2.00
293.30,877.10,99.30,2.10
298.60,877.10,99.30,2.00
298.70,876.90,99.30,2.20
290.90,876.80,99.30,2.30
292.50,876.70,99.30,2.40
291.40,876.70,99.30,2.20
286.60,876.70,99.30,1.60
290.70,876.60,99.30,1.30
287.70,876.60,99.30,0.60
291.50,876.50,99.30,0.20
293.60,876.40,99.30,0.10
287.10,876.40,99.30,0.00
290.70,876.30,99.30,-0.10
289.40,876.20,99.30,-0.40
292.30,876.10,99.30,-0.60
290.60,876.00,99.30,-0.70
292.50,875.90,99.30,-0.90
292.00,875.80,99.30,-1.00
290.20,875.80,99.30,-1.10
289.60,875.70,99.30,-1.20
294.30,875.60,99.30,-1.30
290.80,875.50,99.30,-1.30
289.40,875.40,99.30,-1.30
290.20,875.40,99.30,-1.40
295.10,875.30,99.30,-1.50
292.20,875.30,99.30,-1.60
293.90,875.10,99.30,-1.60
297.50,875.10,99.30,-1.70
291.60,875.00,99.40,-1.80
296.00,874.90,99.40,-2.00
293.30,874.90,99.40,-1.90
294.20,874.80,99.40,-2.00
293.40,874.80,99.40,-2.10
291.50,874.70,99.40,-2.20
293.80,874.60,99.40,-2.30
289.20,874.60,99.40,-2.40
296.70,874.40,99.40,-2.40
301.40,874.30,99.40,-2.50
298.00,874.30,99.40,-2.60
293.20,874.30,99.30,-2.50
298.00,874.10,99.40,-2.50
298.30,874.00,99.40,-2.40
298.40,874.00,99.30,-2.40
294.40,873.90,99.40,-2.50
291.40,873.80,99.30,-2.80
297.50,873.80,99.30,-2.80
294.40,873.70,99.40,-2.90
295.00,873.60,99.30,-2.80
298.00,873.60,99.30,-2.80
295.40,873.50,99.40,-2.80
294.80,873.40,99.30,-2.90
298.40,873.40,99.30,-2.90
297.40,873.30,97.50,-2.80
290.40,873.30,97.90,-3.00
297.40,873.20,96.10,-3.00
297.80,873.20,94.80,-3.00
295.40,873.00,91.30,-2.90
292.60,873.00,87.00,-2.80
291.80,872.90,80.90,-2.70
294.40,872.90,80.80,-2.80
296.60,872.90,80.40,-2.90
295.30,872.80,80.50,-3.10
297.90,872.70,79.40,-3.20
293.80,872.60,79.30,-3.30
295.60,872.50,79.00,-3.40
295.30,872.40,78.10,-3.40
300.70,872.70,77.10,-3.40
298.20,872.80,76.20,-3.40
300.90,872.90,74.70,-3.40
298.60,873.10,74.40,-3.40
297.00,874.10,73.50,-3.40
295.10,876.40,72.70,-3.30
295.80,883.60,72.90,-3.20
295.90,886.00,72.40,-3.10
304.00,887.60,71.50,-3.00
299.50,887.40,72.30,-3.00
292.70,886.70,70.50,-3.10
298.30,892.40,68.00,-3.10
301.60,890.80,68.80,-3.00
292.00,886.70,70.00,-3.00
297.20,884.50,68.20,-3.40
295.10,884.10,68.60,-3.40
293.30,884.10,68.80,-3.30
293.10,885.00,68.20,-3.20
293.40,885.70,66.90,-3.20
297.80,884.50,66.60,-3.20
293.30,882.70,66.20,-3.20
298.80,882.10,66.80,-3.20
294.90,880.60,66.40,-3.30
296.50,880.60,66.40,-3.30
296.20,880.00,71.20,-3.60
295.50,880.30,74.40,-3.90
294.30,882.90,75.50,-3.80
294.80,888.30,72.60,-3.30
290.40,885.60,71.80,-3.40
296.80,884.00,71.30,-3.40
294.30,881.30,78.50,-3.70
289.00,879.60,83.10,-4.00
289.90,878.50,82.40,-4.00
295.60,877.80,73.00,-3.40
299.00,877.20,67.30,-3.10
298.50,876.60,65.70,-3.10
293.90,876.10,63.50,-3.10
296.40,875.60,56.10,-3.10
290.50,875.10,54.60,-3.10
290.10,874.50,54.00,-3.20
302.00,874.00,54.80,-3.30
295.90,873.50,54.20,-3.30
302.90,873.30,53.00,-3.30
296.20,873.00,53.10,-3.40
300.40,872.90,52.10,-3.40
297.00,872.60,51.40,-3.50
304.70,872.50,51.60,-3.40
300.10,872.40,50.50,-3.50
299.20,872.30,49.70,-3.60
301.10,872.20,48.90,-3.60
296.70,872.10,48.80,-3.70
302.60,872.10,49.00,-3.80
298.80,871.90,48.40,-3.80
298.50,871.90,48.80,-3.90
295.30,871.80,48.30,-3.90
298.40,871.70,48.20,-4.00
301.00,871.60,47.90,-4.00
303.10,871.50,48.10,-4.00
299.80,871.50,48.10,-4.10
299.20,871.40,48.50,-4.20
300.20,871.30,48.10,-4.20
300.20,871.30,47.20,-4.20
301.80,871.20,47.30,-4.40
303.70,871.10,47.20,-4.50
298.60,871.00,46.00,-4.50
299.40,871.00,45.50,-4.60
305.20,870.90,45.10,-4.70
301.00,870.80,45.20,-4.90
299.60,870.80,44.20,-5.00
300.10,870.70,43.30,-5.10
292.00,870.60,44.20,-5.30
301.00,870.50,43.80,-5.40
299.70,870.40,42.60,-5.60
297.20,870.30,41.90,-5.70
299.40,870.20,42.50,-5.80
299.60,870.10,42.40,-5.90
295.30,870.00,42.40,-6.00
294.70,870.00,42.20,-6.00
300.70,869.80,43.50,-6.10
300.80,869.70,44.10,-6.20
296.80,869.70,43.80,-6.30
304.20,869.60,44.30,-6.50
292.80,869.50,44.50,-6.60
293.30,869.40,45.00,-6.60
298.50,869.30,45.40,-6.70
293.80,869.20,46.50,-6.80
295.20,869.20,47.50,-7.00
297.00,869.00,46.70,-7.20
300.10,869.00,46.20,-7.40
299.00,868.80,45.00,-7.40
297.20,868.70,44.80,-7.40
290.50,868.70,45.20,-7.50
295.10,868.50,46.20,-7.70
298.70,868.40,45.70,-7.80
296.40,868.30,46.10,-7.80
294.20,868.10,45.60,-7.80
300.70,868.40,44.90,-7.80
295.10,868.60,45.50,-7.80
294.90,869.20,45.10,-7.80
296.20,869.50,44.30,-7.70
298.10,869.70,42.40,-7.60
301.70,871.20,42.90,-7.70
296.70,872.90,42.30,-7.60
301.90,874.20,42.60,-7.50
301.10,873.90,42.50,-7.60
302.30,873.20,42.70,-7.50
303.00,876.10,42.40,-7.30
297.30,878.20,42.90,-7.20
299.20,882.20,42.30,-7.10
295.00,882.20,41.60,-7.10
297.40,884.20,41.70,-7.10
295.40,885.80,40.60,-7.00
298.40,887.20,40.50,-6.80
300.70,890.10,38.60,-6.20
300.10,890.90,36.40,-6.20
291.40,891.90,35.60,-6.00
298.90,891.80,34.90,-6.10
298.40,895.60,35.10,-5.50
298.30,900.40,35.10,-5.00
292.60,897.10,35.70,-5.10
298.90,897.80,33.10,-5.30
299.40,896.60,34.20,-4.80
302.60,893.30,34.10,-4.90
308.50,896.00,34.80,-4.90
298.70,896.90,36.20,-4.80
288.00,898.50,35.10,-4.60
292.10,897.10,36.70,-4.90
290.90,900.20,37.70,-4.60
296.80,896.70,36.50,-4.80
294.80,900.20,33.50,-4.50
302.00,894.50,32.90,-4.90
294.80,898.10,34.20,-4.60
296.80,896.50,37.80,-4.60
295.30,896.80,40.40,-4.60
299.50,889.60,42.60,-4.90
297.70,886.10,44.00,-5.10
288.40,884.80,45.50,-5.20
288.70,883.90,44.90,-5.20
292.40,883.00,45.00,-5.30
295.60,882.60,45.10,-5.40
290.20,882.30,45.70,-5.50
293.10,881.90,46.00,-5.60
297.60,881.60,46.10,-5.70
297.10,881.30,44.70,-5.60
298.10,881.10,45.40,-5.80
296.60,880.90,44.70,-5.60
300.70,880.70,45.20,-5.80
302.30,880.50,43.70,-5.40
305.60,880.30,45.40,-5.70
301.20,880.10,46.70,-6.10
298.60,879.90,46.80,-6.00
298.40,879.80,47.40,-6.20
299.10,879.60,46.60,-6.20
296.60,879.50,46.00,-6.10
297.00,879.20,45.50,-6.10
298.90,879.10,44.70,-6.00
298.40,879.00,44.40,-6.00
297.40,878.80,46.20,-6.40
297.10,878.70,47.40,-6.30
296.10,878.60,47.80,-6.20
296.30,878.40,48.30,-6.30
293.60,878.20,49.00,-6.30
289.50,878.00,50.90,-6.50
291.40,878.00,52.20,-6.80
290.30,877.70,53.30,-7.00
293.10,877.60,52.20,-7.00
288.30,877.40,49.80,-6.80
289.40,877.20,49.50,-6.90
286.50,877.00,47.80,-6.80
283.00,876.90,47.80,-7.00
286.60,876.80,46.00,-6.90
286.50,876.60,45.30,-6.80
295.30,876.50,46.00,-6.90
299.60,876.40,46.10,-7.10
296.30,876.20,46.00,-7.20
300.20,876.10,46.10,-7.30
290.80,875.90,46.20,-7.30
302.40,875.80,47.10,-7.50
297.40,875.60,47.60,-7.50
296.80,875.40,47.20,-7.50
293.30,875.30,47.80,-7.50
289.90,875.10,48.60,-7.60
292.10,874.90,48.50,-7.60
295.00,874.70,49.00,-7.70
301.50,874.60,49.70,-7.90
297.10,874.40,49.50,-8.00
300.50,874.20,49.30,-8.10
296.20,874.00,49.00,-8.10
298.60,873.80,48.40,-8.10
298.50,873.60,48.40,-8.20
297.20,873.40,47.60,-8.20
301.10,873.60,47.60,-8.20
298.30,874.40,46.40,-8.10
295.10,876.30,46.00,-8.00
292.80,879.80,45.30,-7.80
296.10,884.40,44.50,-7.70
294.40,888.20,43.80,-7.50
291.50,891.60,43.90,-7.30
294.00,894.40,43.70,-7.20
298.30,896.60,43.80,-6.90
295.60,898.40,43.10,-6.70
289.90,900.60,42.00,-6.30
302.30,903.00,41.50,-6.40
297.80,906.50,41.00,-6.10
291.30,911.90,40.00,-5.90
289.70,916.90,40.90,-5.60
294.70,938.40,41.20,-5.20
281.10,938.40,39.80,-5.20
284.20,938.10,38.20,-4.60
291.00,937.80,36.10,-4.40
287.20,937.90,36.40,-4.10
292.40,937.10,36.10,-3.80
284.30,936.90,34.50,-3.60
295.10,937.10,33.70,-3.30
296.50,936.60,34.30,-3.10
283.90,936.50,33.80,-3.00
290.60,934.60,32.80,-2.80
296.50,937.40,32.00,-2.50
288.40,935.80,32.50,-2.00
292.80,935.40,32.10,-1.90
285.60,933.10,33.50,-2.10
293.10,935.60,33.40,-2.00
289.60,934.80,32.40,-1.90
294.70,936.00,31.60,-1.80
292.50,935.20,30.90,-1.40
291.00,935.20,30.50,-1.50
289.00,933.90,29.70,-1.60
290.00,935.80,30.00,-1.60
289.00,927.60,30.50,-1.50
294.70,921.80,30.70,-1.50
291.50,921.70,31.00,-1.60
292.80,906.20,30.90,-1.70
299.20,899.20,31.50,-1.80
294.80,893.40,32.20,-2.10
293.80,891.20,31.60,-2.10
297.00,890.70,32.70,-2.40
295.30,890.20,33.20,-2.50
297.70,889.90,34.30,-2.80
294.40,889.50,33.30,-2.70
291.80,889.20,34.10,-2.90
295.50,889.00,34.00,-2.80
297.10,888.80,32.50,-2.50
296.30,888.50,33.70,-2.80
297.40,888.30,35.50,-3.40
297.40,888.10,36.30,-3.60
295.30,887.90,34.60,-2.80
298.90,887.70,35.60,-3.00
299.80,887.60,35.60,-2.90
298.00,887.40,36.20,-3.00
298.10,887.30,37.00,-3.20
301.10,887.10,37.70,-3.40
303.10,887.00,38.20,-3.50
305.40,886.70,40.20,-3.90
292.50,886.60,40.50,-3.80
297.10,886.50,40.60,-3.70
301.40,886.30,41.40,-4.00
295.80,886.20,40.20,-3.60
291.10,886.10,39.70,-3.20
295.90,886.00,39.30,-3.00
299.20,885.90,38.70,-2.80
298.20,885.80,38.40,-2.90
295.10,885.80,36.30,-2.50
292.50,885.60,35.40,-2.40
295.60,885.60,34.70,-2.30
296.30,885.60,34.70,-2.40
298.80,885.50,35.10,-2.50
294.10,885.50,34.30,-2.50
297.50,885.30,34.30,-2.80
290.40,885.20,33.50,-2.70
299.00,885.10,33.90,-2.90
293.80,885.00,34.80,-3.00
288.30,885.00,34.80,-3.00
294.40,884.80,34.70,-3.00
292.00,884.70,35.10,-3.20
293.70,884.50,35.20,-3.20
293.70,884.40,34.90,-3.20
293.90,884.40,35.30,-3.30
293.60,884.30,36.30,-3.60
288.20,884.10,35.70,-3.60
287.90,884.00,35.60,-3.60
288.80,883.90,36.10,-3.80
292.80,883.80,35.60,-3.70
292.60,883.70,36.10,-4.00
295.50,883.60,36.70,-4.10
288.10,883.40,36.20,-4.10
291.80,883.30,36.60,-4.20
294.00,883.10,37.10,-4.30
292.10,883.00,36.80,-4.30
299.80,883.10,36.50,-4.20
298.80,883.40,37.30,-4.30
291.70,885.70,36.50,-4.10
294.30,889.00,37.10,-3.90
291.60,892.40,37.60,-3.60
292.60,896.10,36.90,-3.40
291.60,900.00,35.80,-3.10
291.20,905.60,35.00,-2.60
296.80,931.20,32.80,-2.70
293.90,936.40,34.00,-2.30
295.80,933.00,34.20,-2.00
288.00,921.40,31.30,-1.50
296.80,921.10,31.50,-1.10
297.80,921.60,30.40,-1.20
290.50,920.80,28.20,-0.70
296.10,919.60,27.60,-0.30
289.90,920.10,27.10,-0.50
294.10,920.90,26.60,0.00
291.20,920.10,26.70,0.50
284.30,921.50,25.10,0.50
297.80,920.00,24.90,1.10
294.50,919.20,23.10,1.10
286.20,919.20,23.00,1.30
298.40,920.40,23.30,1.60
299.40,917.50,23.80,1.60
291.90,918.80,24.30,1.50
287.70,917.70,24.10,2.10
294.30,918.30,23.60,1.80
285.80,919.80,23.50,2.20
297.60,919.10,22.90,2.60
296.60,919.60,22.50,2.90
295.60,918.80,22.40,2.90
301.90,919.10,22.70,3.10
295.10,919.00,23.30,3.30
299.50,918.60,23.70,3.30
301.70,919.50,23.50,3.30
307.20,918.90,23.20,3.20
300.10,918.70,23.60,3.10
292.30,928.90,24.60,2.70
291.90,933.00,24.90,2.70
298.00,896.10,25.60,2.20
297.00,893.80,26.00,2.10
293.60,891.70,26.40,1.90
300.40,891.00,26.30,1.80
300.90,890.60,27.00,1.50
300.60,890.30,27.10,1.40
290.30,890.00,26.30,1.60
296.10,889.80,27.00,1.10
299.00,889.50,26.70,1.30
298.50,889.30,26.40,1.30
298.10,889.10,26.90,1.00
299.90,888.90,27.60,0.70
297.40,888.70,27.20,0.70
296.90,888.50,26.10,0.90
297.90,888.30,25.50,1.00
300.40,888.20,25.20,1.00
297.40,888.00,25.10,1.10
298.70,887.90,25.30,1.00
298.60,887.80,25.40,0.90
294.50,887.70,25.80,0.70
294.00,887.50,24.70,1.20
298.70,887.40,25.10,1.00
300.10,887.30,24.80,1.10
299.40,887.10,24.90,1.00
304.40,887.00,24.50,1.00
301.20,886.90,24.90,0.90
304.10,886.80,25.50,0.70
302.30,886.70,25.80,0.60
304.00,886.60,26.30,0.50
305.40,886.40,26.70,0.20
300.70,886.30,27.00,0.10
299.70,886.20,27.50,-0.10
300.70,886.00,27.60,0.00
303.60,885.90,26.40,0.50
300.10,885.80,28.60,-0.40
300.90,885.70,28.00,-0.10
302.00,885.60,28.60,-0.20
306.80,885.50,29.30,-0.40
306.50,885.30,30.40,-0.70
304.10,885.20,30.30,-0.60
302.00,885.10,30.50,-0.60
302.20,885.00,31.10,-0.60
301.30,884.90,31.30,-0.40
305.60,884.80,30.60,-0.10
304.90,884.70,33.40,-1.00
306.70,884.60,34.00,-1.10
304.50,884.50,34.60,-1.30
312.20,884.40,34.30,-1.30
304.20,884.30,34.80,-1.20
305.40,884.10,34.90,-1.30
300.40,884.10,32.00,-0.30
305.60,884.00,32.20,-0.40
312.50,884.00,33.60,-0.80
307.60,883.90,33.80,-0.90
307.00,883.70,33.50,-1.00
301.70,883.90,33.50,-1.00
290.60,884.70,31.00,-0.10
301.10,886.40,33.20,-0.90
305.70,888.60,32.90,-0.60
310.50,891.40,32.20,-0.40
286.70,894.60,33.40,-0.40
277.40,898.00,32.50,0.00
263.10,901.70,30.60,1.40
259.10,906.90,30.00,1.90
278.30,929.80,32.00,1.50
277.30,919.00,31.90,1.70
271.80,917.90,30.20,2.20
266.30,917.60,28.00,3.00
265.00,916.60,26.20,4.00
269.30,918.10,23.90,4.60
276.20,916.80,23.40,4.40
276.60,917.00,23.10,4.70
281.40,917.00,22.50,5.00
299.50,917.00,22.50,6.30
287.10,916.40,21.90,5.90
288.00,916.70,20.80,6.30
286.10,916.10,20.00,6.20
302.80,916.60,19.60,6.70
304.00,915.90,19.10,7.30
300.80,916.80,19.80,7.20
292.20,915.60,19.20,7.50
298.80,914.90,19.30,7.40
290.50,915.80,19.00,7.60
299.30,915.80,19.00,7.50
294.70,915.20,19.20,7.90
303.50,915.10,19.30,8.00
292.20,915.20,19.30,8.50
297.40,914.90,19.10,8.40
293.60,914.60,19.00,8.60
286.20,913.60,19.10,8.80
289.00,914.20,19.50,8.60
283.30,927.80,19.00,8.60
293.10,927.70,18.50,8.70
287.50,928.00,18.70,8.60
287.10,928.20,18.80,8.80
294.70,913.80,19.30,8.40
300.10,898.00,20.10,8.10
293.90,894.00,20.70,7.60
307.60,892.30,22.00,7.20
299.30,891.70,22.50,6.90
307.50,891.30,22.70,6.80
307.20,890.90,22.50,6.70
301.00,890.60,23.20,6.20
295.80,890.40,23.50,6.10
285.60,890.10,24.30,5.70
294.00,889.80,26.20,5.10
282.70,889.70,25.60,5.40
293.10,889.40,26.50,5.10
295.60,889.20,26.70,4.80
294.40,889.00,27.50,4.70
300.90,888.90,29.80,4.20
294.80,888.60,31.80,4.00
299.70,888.50,29.70,4.50
297.60,888.30,30.30,4.10
292.20,888.20,32.20,3.40
290.20,888.00,33.40,3.00
293.10,887.80,33.80,3.00
292.00,887.70,34.90,2.90
289.10,887.50,34.40,3.10
293.20,887.40,35.40,2.70
294.80,887.20,35.50,2.70
301.00,887.10,34.40,2.70
297.90,887.00,35.20,2.50
296.30,886.80,36.10,2.40
299.30,886.70,40.50,1.20
295.30,886.60,39.40,1.50
290.70,886.50,37.60,2.10
294.80,886.30,38.90,1.60
295.00,886.20,37.90,1.80
298.70,886.10,38.80,1.30
298.50,886.00,37.00,1.80
297.40,885.90,36.50,2.10
295.30,885.80,38.00,1.50
296.20,885.70,38.30,1.60
291.40,885.50,38.60,1.40
292.80,885.40,39.40,1.20
294.20,885.40,38.80,1.40
301.40,885.30,40.10,0.90
294.20,885.20,39.40,1.20
299.10,885.10,40.90,0.70
301.10,885.00,40.70,0.90
296.90,885.00,40.80,0.70
294.80,884.80,41.00,0.70
296.20,884.80,39.70,1.10
296.80,884.70,37.40,1.90
295.60,884.70,37.40,1.90
293.00,884.60,37.10,2.00
292.90,884.50,36.40,2.10
297.50,884.50,39.60,1.10
292.30,884.40,39.30,1.20
293.40,884.40,39.30,1.40
292.30,884.50,41.30,0.60
287.70,884.90,40.30,1.10
287.00,886.10,40.30,1.10
292.80,888.00,40.20,1.10
288.20,890.60,39.60,1.40
288.40,893.80,39.40,1.70
286.30,897.30,37.90,2.40
269.50,900.90,38.20,2.50
281.70,904.30,37.10,2.90
290.40,908.70,36.10,3.60
293.90,932.00,35.70,4.10
301.30,931.50,35.50,4.40
306.20,920.00,34.80,4.60
300.60,916.50,32.20,5.20
285.50,916.70,31.30,5.80
303.50,916.70,29.40,6.80
300.40,915.10,28.20,6.90
302.30,915.30,26.20,7.10
288.20,914.90,24.50,7.80
257.00,914.60,23.00,8.20
252.20,913.70,22.90,8.30
270.30,914.70,23.10,8.40
281.00,914.20,22.70,8.80
260.30,913.90,22.80,9.20
269.20,913.90,22.10,9.60
279.80,915.30,20.60,9.30
286.90,914.20,18.60,9.60
291.20,913.90,18.30,10.10
303.10,913.80,18.50,10.10
307.20,913.00,18.00,10.40
312.70,913.40,17.30,10.30
298.40,913.00,17.10,10.80
291.60,912.40,17.50,10.60
264.10,911.90,17.40,10.80
286.20,913.20,17.20,10.50
291.80,912.70,17.10,10.50
294.50,912.40,17.20,10.90
305.60,912.70,17.40,10.80
301.10,912.30,17.80,10.20
310.50,895.00,18.40,9.70
323.10,893.70,18.60,9.50
323.70,893.40,18.10,9.50
326.20,891.80,18.60,9.30
77.20,891.20,24.20,8.40
95.90,891.10,28.40,8.10
89.90,890.70,29.10,7.80
87.50,890.50,29.30,7.80
91.40,890.20,29.20,7.50
80.70,890.10,30.10,7.00
78.50,889.90,28.40,7.20
69.30,889.70,28.70,7.00
64.60,889.50,28.00,6.90
60.00,889.30,27.80,7.00
59.40,889.10,28.50,6.90
75.60,889.00,25.30,7.40
61.00,888.70,24.00,7.60
338.70,888.60,25.00,7.40
317.60,888.50,28.90,6.80
297.70,888.30,29.40,6.40
268.00,888.20,28.70,6.10
272.20,888.00,28.70,5.40
277.40,887.90,29.50,4.90
280.90,887.70,28.90,5.20
279.70,887.50,29.90,4.80
273.60,887.40,29.70,4.90
256.60,887.20,31.70,4.30
264.10,887.10,32.30,4.30
274.70,886.90,32.50,4.30
296.70,886.70,32.60,4.20
292.00,886.60,33.80,3.70
296.70,886.40,34.30,3.60
297.70,886.30,34.50,3.50
304.80,886.10,32.70,3.90
307.90,886.00,35.10,3.00
313.00,885.90,34.60,3.00
311.10,885.70,34.40,2.90
302.40,885.60,34.50,2.70
311.50,885.50,34.80,2.50
314.70,885.30,34.10,2.60
306.90,885.30,34.50,2.50
304.40,885.20,35.80,2.10
307.80,885.00,35.60,2.00
308.60,884.90,35.20,1.90
303.10,884.80,35.30,1.70
299.40,884.70,34.50,1.80
291.80,884.70,34.20,1.80
301.90,884.60,34.40,1.70
294.20,884.50,34.80,1.50
298.90,884.40,35.00,1.50
304.10,884.30,35.00,1.40
301.40,884.30,34.40,1.60
307.30,884.30,34.60,1.50
307.20,884.20,35.00,1.40
306.80,884.20,35.80,1.20
297.70,884.10,36.00,1.30
304.70,884.00,36.50,1.20
299.90,884.10,37.00,1.10
299.80,884.40,34.80,1.90
297.50,884.90,35.70,1.90
296.80,885.80,36.80,1.90
291.40,887.50,38.80,1.80
299.60,889.50,38.00,2.10
298.40,892.20,36.80,2.40
297.90,894.80,36.50,2.50
296.60,897.50,36.70,2.60
289.70,900.40,36.50,2.70
298.90,903.30,36.30,3.00
295.90,906.40,35.70,3.00
298.50,913.60,35.40,3.20
296.60,933.10,35.10,3.40
293.00,932.70,33.50,3.60
299.90,918.20,31.90,3.70
298.10,917.00,29.50,4.00
294.20,917.50,28.50,4.30
290.40,917.20,28.50,4.40
289.80,917.80,26.80,4.20
300.60,918.40,26.10,4.70
296.00,917.40,24.40,4.30
288.60,919.30,23.00,4.80
296.90,916.80,23.40,4.90
301.20,918.30,23.70,4.90
302.40,917.10,23.80,4.80
298.90,919.00,24.00,4.90
302.50,917.90,24.00,5.10
302.60,916.30,24.40,5.10
302.80,918.40,24.50,5.20
300.70,918.80,24.80,5.20
300.10,918.70,24.80,5.60
315.30,918.60,25.20,5.20
306.90,916.70,25.30,5.40
312.00,916.70,25.30,5.60
309.60,917.70,25.80,5.30
317.80,917.70,25.70,5.40
303.20,917.30,25.60,5.50
299.40,917.20,25.70,5.50
308.30,906.90,25.50,5.20
307.90,898.20,25.40,5.10
306.10,894.40,25.40,4.90
309.00,892.30,25.70,4.60
318.00,891.20,25.80,4.40
318.20,890.80,26.20,4.20
313.30,890.50,26.30,4.10
312.90,890.20,26.40,4.10
308.90,889.90,26.70,4.00
309.30,889.70,26.60,3.90
312.40,889.40,26.20,3.80
312.60,889.20,26.20,3.60
303.40,889.00,26.40,3.40
311.80,888.90,26.30,3.30
304.50,888.60,26.20,3.20
306.70,888.50,26.10,3.10
321.90,888.30,25.60,3.20
349.10,888.20,24.40,3.60
326.10,888.00,24.70,3.50
299.30,887.80,26.70,2.70
292.40,887.60,28.60,2.10
304.50,887.50,27.90,2.30
299.70,887.30,27.00,2.30
296.20,887.10,27.40,2.10
303.00,886.90,28.20,1.80
303.30,886.80,28.70,1.70
301.40,886.60,29.30,1.50
306.00,886.40,29.60,1.40
306.10,886.30,30.20,1.20
306.10,886.00,30.90,1.00
304.60,885.90,31.70,0.80
303.50,885.60,32.10,0.70
302.10,885.50,31.60,0.80
306.30,885.30,32.50,0.60
310.00,885.10,33.40,0.40
301.70,884.90,35.00,-0.20
310.50,884.70,34.70,-0.20
302.90,884.50,35.20,-0.30
307.40,884.40,36.10,-0.70
299.70,884.30,35.60,-0.70
305.80,884.10,35.80,-0.80
301.40,884.00,36.60,-1.10
308.30,883.80,36.40,-1.10
311.00,883.80,37.20,-1.30
312.20,883.60,37.80,-1.40
302.80,883.50,39.40,-1.80
304.10,883.40,41.40,-2.10
305.80,883.30,43.10,-2.10
305.70,883.20,45.70,-2.40
299.40,883.10,47.00,-2.50
297.00,883.00,47.70,-2.60
299.40,882.90,44.50,-2.60
297.30,882.80,41.40,-2.60
305.20,882.70,40.50,-3.10
306.10,882.60,39.20,-3.10
305.20,882.60,39.90,-3.40
306.90,882.30,39.90,-3.70
316.10,882.60,38.10,-3.40
323.50,883.20,37.90,-3.40
311.00,884.30,36.20,-3.20
319.30,886.50,34.50,-3.20
308.50,889.80,33.90,-3.20
311.40,894.80,31.10,-3.00
309.50,899.20,28.50,-2.60
301.70,904.00,25.50,-2.20
299.20,909.00,25.30,-2.00
292.20,915.50,23.50,-2.00
282.80,935.90,22.60,-1.70
284.40,935.70,20.10,-1.50
299.80,920.60,19.90,-1.10
299.60,920.60,20.10,-0.70
296.60,920.80,19.90,-0.90
292.60,920.80,19.60,-1.10
293.60,921.00,19.90,-0.80
294.70,920.20,19.30,-0.60
296.40,919.50,19.10,-0.10
296.80,928.40,19.00,-0.20
305.50,933.70,19.40,0.10
300.90,924.00,19.90,0.10
298.90,921.90,20.20,0.70
300.80,919.40,20.30,1.30
283.50,919.00,21.50,0.40
280.70,918.60,21.40,0.80
291.40,919.60,21.50,1.40
295.40,919.10,21.50,1.40
284.80,920.70,20.90,1.80
313.00,919.80,21.40,1.60
293.20,918.20,19.90,1.90
283.60,915.50,19.80,2.40
276.90,919.40,18.60,3.40
292.00,918.20,18.50,2.60
278.70,918.40,17.70,3.40
302.30,917.30,18.10,2.90
305.70,918.10,18.40,3.20
325.70,918.60,18.20,3.20
338.10,919.00,18.20,3.60
10.10,918.40,18.40,2.90
45.10,899.40,18.30,2.50
70.30,896.00,18.10,2.50
80.40,893.00,18.20,2.50
74.60,891.50,19.60,2.00
61.90,891.00,18.80,1.90
46.50,890.70,18.60,1.90
57.50,890.30,18.00,1.90
73.00,890.00,17.80,1.90
78.80,889.80,17.50,1.80
77.20,889.60,18.00,1.70
95.90,889.40,21.50,0.90
89.10,889.20,22.40,0.40
85.20,888.90,22.30,0.60
93.90,888.80,22.20,0.70
84.90,888.50,23.80,-0.10
74.00,888.30,25.50,-0.70
77.40,888.10,25.20,-0.60
81.80,887.80,25.10,-0.60
82.40,887.70,26.10,-0.90
76.10,887.40,26.50,-1.00
72.30,887.20,26.10,-0.70
67.80,887.00,26.20,-0.80
70.30,886.90,25.80,-0.70
68.50,886.70,26.10,-0.80
68.30,886.50,26.00,-0.80
68.30,886.30,26.40,-0.90
74.10,886.10,27.50,-1.20
79.90,885.90,28.80,-1.30
81.80,885.70,29.60,-1.50
82.70,885.50,30.20,-1.70
84.30,885.20,30.50,-1.70
82.50,885.00,31.30,-1.70
86.60,884.80,31.60,-1.80
82.10,884.60,32.30,-2.10
77.50,884.40,32.90,-2.20
74.50,884.20,33.30,-2.10
78.50,884.00,33.40,-1.90
73.80,883.80,33.60,-1.90
73.80,883.60,33.90,-2.10
73.40,883.40,33.40,-2.00
69.60,883.30,33.50,-2.10
76.10,883.30,34.00,-2.20
75.50,883.20,34.20,-2.30
71.90,883.00,34.50,-2.40
74.10,883.00,34.70,-2.50
80.20,882.90,34.70,-2.50
81.10,882.70,35.10,-2.70
87.80,882.80,35.30,-2.80
85.40,882.60,35.30,-2.70
84.10,882.60,35.20,-2.60
87.30,882.50,35.10,-2.70
88.50,882.50,35.20,-2.80
92.80,882.40,35.30,-2.80
98.10,882.30,36.00,-3.10
103.20,882.30,36.50,-3.20
103.60,882.20,37.30,-3.40
100.00,882.20,37.30,-3.40
103.00,882.40,37.70,-3.50
98.70,882.50,38.20,-3.50
100.30,882.70,38.00,-3.40
85.10,883.00,38.60,-3.30
80.90,883.30,39.20,-3.40
96.20,883.60,39.10,-3.30
94.50,884.10,40.20,-3.20
96.50,884.10,39.60,-3.10
94.70,884.60,39.60,-2.80
104.30,885.10,39.30,-2.50
89.90,886.00,40.00,-2.30
78.90,887.70,39.60,-2.00
97.50,888.10,38.30,-1.90
97.90,890.40,38.50,-1.70
106.80,889.50,38.70,-1.60
106.20,889.60,38.90,-1.80
92.50,888.20,38.90,-1.60
99.10,887.70,39.10,-1.60
86.40,887.00,39.60,-1.40
99.10,887.40,39.00,-1.50
97.10,886.40,39.50,-1.40
106.10,886.20,40.20,-1.40
105.70,885.40,40.30,-1.30
105.90,885.30,40.70,-1.50
117.80,885.20,41.20,-1.50
123.90,884.50,42.20,-1.50
129.60,884.80,42.80,-1.50
136.00,884.90,43.20,-1.50
119.70,884.70,43.00,-1.40
116.40,884.20,42.50,-1.40
120.10,884.40,42.10,-1.30
100.00,884.20,42.40,-1.50
105.20,884.20,42.40,-1.30
112.40,883.90,44.30,-1.40
135.10,883.50,63.00,-2.20
124.40,883.00,72.20,-2.80
128.60,882.80,78.00,-3.10
117.00,882.80,80.50,-3.30
104.50,882.80,83.20,-3.40
99.50,882.50,85.60,-3.50
100.30,882.10,90.70,-3.70
97.90,881.90,89.40,-3.70
108.90,881.70,94.20,-3.90
114.20,881.70,99.30,-4.20
106.20,881.70,99.30,-4.20
116.70,881.50,99.30,-4.30
112.50,881.40,99.30,-4.30
102.80,881.40,99.30,-4.20
104.20,881.30,99.30,-4.00
21.60,881.20,88.90,-3.50
96.20,881.20,81.40,-3.30
108.40,881.10,88.40,-3.70
111.90,881.10,95.20,-4.00
155.30,881.10,80.90,-2.90
202.70,881.10,68.70,-2.30
247.00,881.10,72.30,-2.30
290.10,881.10,70.50,-2.40
309.10,881.10,69.70,-2.50
315.00,881.10,61.60,-2.10
314.20,881.10,56.00,-1.70
309.80,881.10,58.70,-2.00
304.90,881.10,66.40,-2.70
304.50,881.00,65.80,-2.50
303.90,881.00,65.00,-2.60
300.80,881.00,64.00,-2.40
299.60,880.90,62.80,-2.40
291.90,880.80,61.90,-2.30
296.20,880.90,57.60,-2.10
299.30,880.80,55.30,-2.00
299.00,880.80,54.90,-2.10
292.90,880.80,58.20,-2.50
292.70,880.80,59.10,-2.10
289.30,880.80,62.50,-2.10
294.10,880.70,63.30,-2.00
283.90,880.70,64.40,-1.90
286.10,880.60,65.50,-2.20
283.50,880.60,64.90,-2.50
295.80,880.50,66.90,-2.80
303.80,880.40,65.50,-2.40
296.20,880.40,61.00,-2.30
292.80,880.40,59.60,-2.20
292.20,880.40,61.70,-2.50
296.80,880.30,65.20,-3.10
294.30,880.20,62.40,-2.60
294.80,880.20,63.00,-2.70
299.60,880.10,63.20,-2.80
300.50,880.00,62.00,-2.70
301.90,880.00,60.10,-2.60
298.90,880.00,58.70,-2.30
298.00,880.00,60.00,-2.60
291.20,879.90,61.00,-2.80
295.50,879.90,63.70,-3.10
295.30,879.80,63.00,-3.00
291.70,879.70,66.30,-3.50
292.60,879.60,66.30,-2.80
295.90,879.60,68.20,-2.90
292.00,879.90,70.40,-3.00
288.20,880.30,69.60,-2.20
288.00,880.80,67.30,-1.80
290.00,882.10,70.20,-2.20
302.10,884.20,72.50,-2.00
292.10,886.30,71.80,-1.90
289.70,891.80,66.50,-1.30
282.60,894.20,64.10,-0.90
283.60,896.80,59.40,0.00
277.20,896.60,59.40,0.60
262.70,900.60,56.00,1.40
275.90,900.30,53.40,1.80
293.40,900.30,48.80,2.60
298.50,906.30,46.30,2.80
286.20,908.00,45.00,3.50
294.40,910.90,44.20,3.70
289.80,916.80,43.30,4.10
289.30,930.50,42.50,4.30
283.30,931.30,42.30,4.50
283.30,917.40,41.00,5.10
289.10,930.90,40.30,5.20
279.50,930.40,39.00,5.60
290.60,917.30,37.20,5.80
290.00,916.70,35.70,6.20
282.40,917.60,35.10,6.70
288.10,916.80,35.20,6.70
289.10,917.00,33.90,7.10
290.30,915.90,33.80,6.90
290.00,916.80,31.10,7.70
288.20,916.30,28.60,7.90
286.10,914.70,28.00,7.80
276.90,915.20,29.50,7.50
281.80,915.30,26.80,8.20
280.60,915.00,25.80,7.70
287.30,914.60,26.30,8.00
288.40,915.30,26.10,8.10
291.20,915.10,26.50,7.50
281.80,915.00,26.90,7.50
291.20,915.20,25.70,7.30
291.50,900.00,25.20,7.20
292.20,896.00,26.90,6.80
290.80,893.70,28.20,6.50
299.00,892.60,29.30,6.10
291.70,892.00,30.20,6.00
301.60,891.80,30.60,5.70
304.40,891.50,30.80,5.50
307.30,891.20,30.50,5.30
315.20,890.90,32.60,5.10
316.70,890.70,36.30,4.70
322.00,890.50,38.30,4.70
316.70,890.20,39.60,4.60
316.80,890.10,39.30,4.90
309.10,889.90,39.00,4.90
323.40,889.70,39.70,5.00
326.80,889.60,39.90,5.00
324.10,889.40,40.60,4.80
318.90,889.30,40.70,4.70
333.70,889.10,39.70,4.80
339.00,889.00,39.90,4.50
343.10,888.90,34.80,4.90
307.40,888.70,41.10,3.60
335.10,888.60,41.10,3.40
341.70,888.50,36.20,4.30
337.20,888.30,35.50,4.10
341.10,888.20,35.80,3.80
336.70,888.10,35.30,3.70
333.90,888.00,36.80,3.40
330.50,887.90,37.30,3.10
326.40,887.70,37.10,2.80
327.00,887.60,36.90,2.80
328.80,887.50,34.70,3.10
316.40,887.40,36.50,2.80
322.20,887.20,36.90,2.80
318.40,887.10,36.10,2.70
313.00,887.00,35.20,2.70
300.30,887.00,37.30,2.30
258.20,886.80,40.90,1.90
273.50,886.70,44.20,1.60
299.70,886.60,42.30,1.50
290.60,886.40,39.80,1.90
304.10,886.50,39.40,1.60
280.40,886.30,43.60,1.10
253.10,886.20,44.20,0.90
257.10,886.10,43.40,0.80
280.30,886.00,42.80,0.90
252.50,885.90,41.50,0.90
268.90,885.80,42.30,0.60
269.90,885.60,42.10,0.70
258.80,885.60,41.30,0.60
257.80,885.50,41.20,0.50
265.50,885.40,40.80,0.50
266.70,885.30,41.10,0.40
273.70,885.20,40.30,0.30
278.90,885.10,40.10,0.20
285.40,884.80,40.10,0.10
287.20,884.90,40.00,-0.10
267.60,885.00,38.70,0.00
288.70,885.50,37.70,0.10
290.70,885.60,37.70,0.10
285.80,886.00,37.50,0.20
287.00,886.80,36.50,0.40
278.80,887.20,35.50,0.50
283.00,888.40,35.10,0.70
275.80,890.90,34.90,1.00
297.60,892.10,35.30,1.10
284.30,895.40,34.60,1.40
279.40,907.40,34.10,1.90
296.50,903.40,32.90,2.30
304.10,904.20,28.60,2.60
310.40,923.40,29.50,3.20
301.80,914.80,27.70,3.60
304.90,931.80,27.30,3.80
303.00,931.00,26.10,4.20
308.70,930.80,27.10,4.40
274.60,916.60,24.90,5.70
275.60,916.60,26.10,5.10
301.30,916.30,26.90,4.50
286.30,916.60,26.70,4.90
299.00,917.10,26.60,5.40
301.70,917.10,27.20,5.10
328.50,917.20,26.70,5.20
301.30,916.50,26.40,5.70
256.70,917.60,25.70,6.40
268.40,917.00,25.90,6.00
272.50,916.30,25.20,6.80
259.50,914.90,25.10,6.70
272.60,914.30,25.30,6.30
306.50,915.60,25.10,6.50
290.90,916.50,25.30,6.20
293.10,915.00,25.50,6.00
286.10,915.60,25.20,6.10
315.70,916.00,25.50,5.80
313.20,916.70,25.50,5.80
315.20,914.20,25.40,5.70
74.80,896.90,25.50,5.60
97.80,894.40,36.00,4.40
99.80,892.80,36.60,4.10
91.00,891.80,39.10,3.60
94.60,890.90,39.70,3.30
97.20,890.60,40.40,3.10
94.10,890.20,41.30,2.80
92.60,889.90,42.20,2.60
92.50,889.70,43.10,2.20
96.50,889.40,42.50,2.10
96.10,889.10,43.20,1.80
94.20,889.00,44.10,1.50
94.10,888.70,43.70,1.20
90.70,888.60,44.80,1.00
96.00,888.40,46.40,0.80
99.40,888.20,47.90,0.50
95.30,888.10,49.30,0.30
100.60,887.80,50.60,0.00
100.30,887.70,51.60,-0.40
91.50,887.40,52.20,-0.70
91.90,887.30,52.80,-0.80
88.10,887.00,53.10,-1.10
89.50,886.80,53.30,-1.40
93.90,886.60,53.70,-1.50
98.10,886.50,54.30,-1.60
98.50,886.30,54.30,-1.60
96.90,886.00,54.40,-1.60
94.20,885.90,54.30,-1.70
91.00,885.70,54.30,-1.70
96.80,885.50,54.80,-1.80
96.50,885.40,54.80,-1.80
92.80,885.20,55.30,-1.90
88.10,885.10,55.30,-2.00
83.90,884.90,55.60,-2.00
84.50,884.70,56.10,-2.20
71.80,884.50,55.90,-2.10
68.60,884.40,55.00,-2.00
77.70,884.30,54.70,-1.90
85.20,884.10,54.60,-1.90
78.90,884.00,54.90,-2.00
79.50,883.80,54.30,-1.90
78.30,883.80,54.20,-1.80
68.90,883.70,54.40,-1.80
76.70,883.60,54.60,-1.80
109.80,883.50,54.40,-2.00
118.00,883.40,55.80,-2.40
107.50,883.30,55.00,-2.30
114.80,883.30,54.50,-2.20
117.00,883.20,55.70,-2.40
118.40,883.10,55.00,-2.30
127.40,883.00,55.70,-2.30
126.60,882.90,55.00,-2.30
130.50,882.90,55.30,-2.30
139.80,882.70,55.60,-2.30
157.40,882.80,56.00,-2.40
150.70,882.60,56.70,-2.50
152.70,882.50,56.20,-2.40
159.10,882.70,56.80,-2.60
140.40,883.20,55.70,-2.40
141.90,884.00,56.20,-2.50
146.30,885.70,56.00,-2.30
136.90,888.20,54.60,-2.10
140.00,890.30,53.90,-2.00
134.80,894.70,52.50,-1.60
87.30,897.60,52.10,-1.20
74.00,900.10,51.00,-0.60
265.30,904.50,48.10,0.80
222.10,906.60,43.40,2.30
276.40,910.00,45.60,1.60
271.10,922.50,46.00,1.80
280.20,932.20,42.90,2.80
283.40,931.40,45.90,1.70
264.20,917.00,41.80,3.30
286.00,917.10,41.70,2.70
296.60,917.40,41.30,3.30
285.20,917.10,37.70,4.20
293.30,916.60,35.50,4.10
303.00,916.30,32.90,4.50
293.10,915.50,31.60,4.60
295.90,919.40,30.40,5.40
291.80,917.10,29.90,5.50
286.60,931.20,29.70,5.20
288.50,929.60,29.30,5.70
288.20,917.10,28.80,6.00
295.30,918.10,28.60,6.20
291.90,916.00,28.10,6.50
296.90,917.60,28.40,6.30
283.30,915.40,29.30,6.10
286.50,917.80,29.50,6.30
292.80,916.20,29.10,6.50
288.10,915.70,29.10,6.70
281.10,915.90,29.00,6.70
275.40,916.70,28.90,6.80
294.00,915.80,29.10,6.70
300.20,915.70,29.30,6.80
297.60,916.30,29.60,6.70
299.10,916.20,29.80,6.80
301.10,902.00,30.20,6.50
299.10,895.40,30.80,6.20
299.80,893.40,31.40,5.90
310.00,892.00,31.90,5.50
311.90,891.40,32.50,5.40
312.50,891.10,32.90,5.20
310.70,890.80,33.70,5.00
319.40,890.50,33.60,5.00
316.40,890.30,33.90,5.00
317.10,890.10,34.20,5.00
325.60,889.80,34.40,5.10
316.60,889.70,34.70,4.90
323.30,889.60,34.60,5.10
321.40,889.40,34.90,5.00
317.90,889.20,35.10,4.90
316.70,889.00,35.00,4.90
321.20,888.90,34.20,5.10
322.00,888.70,34.40,5.10
321.90,888.60,35.30,4.90
321.40,888.30,37.40,4.30
274.00,888.20,35.70,4.80
294.00,888.00,36.00,4.80
294.00,887.90,36.00,5.00
285.90,887.80,35.30,4.90
295.60,887.60,34.20,5.20
311.00,887.50,34.30,5.20
295.20,887.40,34.50,4.90
213.30,887.20,35.40,4.60
234.30,887.00,35.70,4.50
249.00,886.90,35.70,4.50
311.50,886.70,35.40,4.60
311.70,886.50,34.70,4.80
311.70,886.40,34.10,4.70
311.70,886.10,34.90,4.50
311.40,886.00,34.80,4.70
309.30,885.90,35.30,4.50
301.50,885.70,34.10,4.80
301.10,885.40,36.20,4.20
301.10,885.30,37.00,3.90
301.50,885.10,36.80,3.80
298.10,884.90,36.60,3.80
284.80,884.80,36.80,3.50
285.40,884.60,36.90,3.50
294.50,884.50,36.50,3.60
299.10,884.40,36.40,3.60
318.00,884.30,37.00,3.30
309.80,884.20,37.20,3.00
309.30,884.10,38.20,2.80
313.00,883.90,39.20,2.60
313.80,883.90,39.60,2.50
295.00,883.80,40.70,2.00
293.40,883.70,42.00,1.80
291.50,883.70,42.90,1.70
274.90,883.60,42.90,1.70
292.00,883.50,43.40,1.60
290.90,883.40,43.20,1.60
296.50,883.70,40.90,2.50
288.30,884.30,39.90,2.80
293.30,885.20,40.60,2.50
295.30,887.10,39.50,3.20
293.20,889.30,39.80,3.00
294.30,892.80,38.80,3.70
296.00,896.30,38.50,4.10
287.10,899.10,39.70,4.10
296.00,901.10,39.00,4.90
307.00,902.10,40.10,4.50
307.60,905.10,39.70,4.90
301.90,912.70,39.70,5.30
300.40,909.60,40.10,5.80
284.40,930.30,40.10,6.10
292.70,930.50,40.00,6.40
281.70,916.10,39.30,6.90
291.40,916.30,38.30,7.70
297.70,914.60,36.80,8.30
294.40,915.10,35.90,8.70
296.40,914.00,35.00,9.40
297.60,915.10,34.20,9.70
298.90,915.60,34.00,9.60
289.40,914.00,33.40,9.90
285.80,913.10,32.70,10.40
280.40,913.60,32.40,10.60
288.60,913.20,32.00,11.30
291.60,914.20,32.20,11.20
293.10,913.40,31.30,11.60
301.60,913.90,30.10,11.30
295.10,912.60,30.00,11.20
290.90,912.40,30.20,11.40
280.30,912.80,32.10,11.30
279.80,912.40,33.70,11.60
281.80,913.20,35.20,11.20
274.60,912.50,35.00,11.20
282.80,904.60,35.30,11.40
278.50,913.40,34.20,11.40
277.00,927.40,34.40,11.70
287.70,926.70,33.80,11.90
282.30,926.50,33.20,11.70
276.80,899.10,32.20,11.60
278.50,893.80,30.70,11.40
280.20,892.70,30.40,11.30
283.20,891.80,31.70,11.10
283.50,891.40,32.50,11.00
284.50,891.20,33.50,10.70
291.80,891.00,33.80,10.60
295.20,890.70,34.50,10.30
303.30,890.60,34.70,10.30
305.10,890.40,36.30,10.10
308.80,890.20,36.30,10.40
304.10,890.00,39.90,9.50
300.10,889.90,41.30,9.00
301.70,889.70,42.30,8.80
296.10,889.60,43.60,8.80
296.80,889.50,43.90,8.60
303.10,889.30,41.30,8.70
303.70,889.20,41.20,8.40
305.30,889.00,40.30,8.20
304.00,888.90,39.10,8.10
305.10,888.70,35.30,8.10
296.70,888.50,33.00,8.00
276.20,888.40,37.30,7.20
285.30,888.30,39.90,6.90
292.20,888.10,39.10,6.90
296.50,888.00,36.30,7.10
293.00,887.80,34.10,7.10
298.80,887.60,33.90,7.10
297.90,887.50,34.00,6.70
292.70,887.40,33.50,6.60
293.60,887.20,31.80,6.90
296.70,886.90,31.90,6.70
294.90,886.80,32.60,6.40
305.80,886.60,32.70,6.30
297.10,886.40,32.70,6.30
294.10,886.30,33.30,5.90
315.50,886.10,33.70,5.90
310.20,885.90,35.10,5.40
319.20,885.70,35.20,5.40
335.20,885.50,37.00,5.30
346.20,885.30,37.00,5.10
330.30,885.20,36.50,4.60
345.50,885.10,32.60,4.50
348.00,884.90,35.90,4.50
323.00,884.70,36.90,4.10
304.30,884.60,42.50,3.00
304.90,884.40,44.00,2.90
274.80,884.20,42.20,2.60
224.70,884.10,41.00,2.50
251.70,883.90,38.70,2.50
275.40,883.80,37.60,2.80
279.00,883.70,37.60,2.40
283.20,883.70,38.40,2.00
282.20,883.50,35.80,2.40
292.10,883.30,34.60,2.50
295.00,883.30,33.40,2.70
293.90,883.70,32.90,2.70
308.00,884.40,32.90,2.70
288.30,885.80,32.20,2.90
261.00,887.80,31.40,3.50
264.00,890.80,30.90,3.60
277.90,894.80,31.30,3.30
270.10,898.40,30.40,3.70
263.80,901.60,28.80,4.60
284.20,904.70,27.80,4.80
270.00,907.40,28.20,5.20
270.00,917.10,27.40,5.80
272.20,924.00,26.90,6.50
265.50,915.00,25.40,7.10
274.50,915.30,25.70,7.50
280.10,914.20,24.40,7.80
270.60,914.30,22.80,8.10
291.40,914.80,22.00,8.80
286.20,915.10,20.40,8.50
298.50,914.20,20.20,8.90
291.30,914.30,19.80,9.70
285.70,913.90,19.60,9.90
287.40,913.10,19.60,9.70
300.60,912.10,19.50,10.00
290.10,914.00,19.50,10.20
286.40,913.00,20.00,10.60
283.50,913.10,19.70,10.60
286.20,914.50,19.00,11.90
289.10,913.30,19.20,11.70
289.90,913.50,19.10,12.30
291.00,913.80,19.70,11.90
299.90,912.60,19.50,12.30
287.60,912.10,19.30,12.60
293.90,912.90,18.80,12.50
282.90,912.50,18.40,13.10
291.30,912.20,18.30,12.90
279.60,912.60,18.30,12.70
294.80,912.30,18.90,12.60
283.20,912.80,19.40,12.40
286.90,912.20,19.70,12.60
298.00,912.60,19.80,12.70
271.20,912.40,20.20,12.50
282.00,899.80,20.80,12.20
283.70,894.90,21.90,11.80
273.70,892.70,21.90,11.60
275.50,891.90,22.70,11.30
294.00,891.70,22.90,11.20
299.20,891.30,22.80,11.30
307.50,891.10,22.90,11.10
309.10,890.80,22.90,11.20
286.20,890.60,22.80,11.00
304.50,890.50,22.90,10.80
313.40,890.30,22.90,11.00
312.60,890.00,23.00,10.90
303.60,890.00,22.90,10.70
298.50,889.80,23.10,10.70
301.80,889.70,23.40,10.50
285.50,889.60,23.20,10.60
275.30,889.40,23.50,10.50
280.50,889.30,24.90,9.90
275.50,889.20,25.70,9.80
280.30,889.00,26.50,9.50
281.60,888.90,26.30,9.60
287.70,888.80,26.20,9.50
310.40,888.60,25.20,9.90
301.70,888.50,25.50,9.80
302.70,888.40,25.80,9.70
301.70,888.20,25.80,9.70
304.30,888.10,26.40,9.50
305.60,888.00,26.90,9.40
306.20,887.80,27.60,9.20
302.30,887.60,28.10,9.10
305.60,887.50,28.60,9.00
290.30,887.40,29.10,8.50
293.60,887.10,29.50,8.50
310.30,887.00,29.80,8.60
304.80,886.80,30.60,8.20
296.10,886.60,30.70,8.20
290.30,886.50,31.30,8.10
290.10,886.40,31.60,7.90
296.50,886.20,31.70,8.00
294.80,886.00,31.70,8.20
288.20,885.80,31.70,8.30
293.00,885.70,32.30,7.90
296.80,885.60,32.40,8.00
299.70,885.40,32.70,7.90
301.80,885.30,32.70,7.90
302.50,885.20,32.40,8.00
305.20,885.00,32.70,7.90
299.90,885.00,32.60,8.00
299.00,884.90,32.70,8.00
295.50,884.80,33.70,7.70
294.40,884.80,35.00,7.20
294.10,884.70,34.80,7.50
289.30,884.60,35.60,7.40
296.20,884.40,35.90,7.30
299.10,884.40,37.40,6.70
293.90,884.60,37.30,7.10
290.60,885.20,37.40,7.30
287.10,886.20,37.00,7.40
296.60,888.00,37.30,7.40
294.70,890.20,37.40,7.60
297.80,893.20,37.60,7.60
303.30,896.50,37.80,7.60
286.70,899.30,37.30,8.10
290.50,901.80,37.20,8.30
298.60,903.90,36.90,8.50
299.00,907.20,36.70,8.50
272.80,918.60,36.60,8.80
274.20,927.50,35.20,9.80
275.60,927.20,33.70,10.20
288.60,912.70,31.60,10.30
262.80,912.50,30.30,11.30
263.10,912.40,28.50,11.70
255.40,912.20,28.00,11.80
260.40,913.00,27.50,12.20
261.10,911.20,26.20,12.20
285.70,912.20,24.00,12.30
281.80,912.40,22.30,12.50
284.50,912.60,20.10,13.70
292.90,912.30,19.40,13.50
300.30,912.50,19.30,13.50
304.60,911.40,19.40,14.10
300.80,912.10,19.90,14.20
297.40,910.60,18.70,14.00
296.90,910.10,19.80,14.60
285.40,911.00,18.00,14.20
294.30,910.40,18.00,15.00
298.50,910.80,18.40,14.70
294.80,910.90,18.70,14.60
297.20,910.60,17.40,15.50
305.60,911.10,16.80,15.40
288.10,911.10,16.10,15.30
283.80,910.70,16.70,14.90
267.90,908.50,15.60,14.90
275.70,896.40,16.30,14.60
279.20,902.10,16.30,14.60
274.70,894.00,16.80,14.30
285.60,893.30,16.80,14.40
284.50,892.50,16.90,14.30
280.30,891.60,17.00,14.20
278.30,891.30,17.00,14.00
263.50,891.20,16.80,14.10
280.80,891.00,17.00,13.80
277.40,890.80,17.10,13.70
75.20,890.70,32.00,10.10
87.30,890.60,36.10,8.80
84.20,890.40,37.70,8.40
87.30,890.20,37.90,8.30
86.10,890.00,38.50,8.00
86.30,889.80,39.40,7.60
95.50,889.60,40.20,7.50
103.10,889.40,40.50,7.40
103.40,889.20,39.90,7.60
99.80,889.10,41.30,7.20
96.40,888.90,41.30,7.30
93.90,888.70,41.60,7.10
105.90,888.60,42.00,6.70
100.00,888.50,42.40,6.50
104.00,888.30,41.90,6.50
102.20,888.10,42.10,6.50
110.00,888.00,41.10,6.70
124.80,887.80,39.80,7.20
140.80,887.70,40.30,7.20
167.00,887.50,39.20,7.30
238.70,887.40,34.20,8.30
289.00,887.20,31.20,9.30
304.20,887.10,32.70,8.80
309.10,886.90,32.80,8.80
339.40,886.90,34.30,8.50
329.50,886.70,34.50,8.40
318.90,886.60,34.60,8.30
325.60,886.50,35.70,8.00
318.00,886.30,35.10,8.00
312.50,886.20,35.30,8.00
308.30,886.10,34.90,8.00
304.90,885.90,35.90,7.80
301.60,885.80,35.40,7.80
301.90,885.60,35.60,7.80
303.10,885.40,36.20,7.60
304.50,885.30,36.00,7.60
306.90,885.30,36.50,7.50
301.10,885.10,37.20,7.30
303.00,885.00,36.80,7.20
307.00,884.90,36.30,7.20
304.00,884.80,36.40,7.10
304.60,884.80,37.00,6.70
306.30,884.60,37.10,6.60
304.90,884.50,37.20,6.50
307.90,884.50,37.00,6.50
305.70,884.30,37.10,6.40
306.80,884.40,36.80,6.40
304.20,884.20,36.80,6.50
303.40,884.40,37.20,6.30
309.10,884.60,36.80,6.50
308.70,885.10,37.10,6.50
309.50,886.30,37.10,6.50
305.30,888.30,37.50,6.50
307.10,890.20,37.30,6.50
302.60,893.80,36.60,6.80
316.30,895.50,36.30,6.70
311.40,897.40,36.00,7.00
304.60,894.10,36.00,7.00
302.60,892.70,35.50,7.20
300.20,891.40,38.50,7.50
303.70,891.20,38.50,7.30
312.40,890.80,40.90,6.70
305.00,901.10,43.00,6.40
296.00,914.50,40.40,6.70
292.50,921.90,36.80,6.70
287.30,907.50,35.00,6.90
298.60,930.10,33.70,7.20
287.40,929.50,33.60,7.10
294.90,915.30,32.50,6.60
292.90,916.40,33.50,6.70
301.80,915.90,31.80,6.80
292.30,916.10,31.60,7.30
296.80,928.60,34.40,6.70
296.00,928.00,34.10,6.50
297.20,915.30,35.60,6.80
296.40,915.70,34.50,7.20
291.90,915.60,32.40,7.00
295.40,916.30,30.30,7.50
300.90,915.40,28.60,7.90
298.90,915.20,27.80,7.60
293.00,915.00,25.20,7.80
286.50,916.50,23.50,8.10
290.50,914.60,23.20,8.10
289.10,916.60,23.10,7.90
298.00,915.70,23.90,8.40
302.50,915.00,23.70,7.80
293.80,915.60,24.70,7.80
294.00,915.40,24.90,7.60
301.90,915.40,24.00,7.30
303.40,916.00,25.50,7.10
293.90,897.30,26.20,6.80
304.90,893.40,26.10,6.40
298.90,892.00,26.40,6.10
297.40,891.70,27.30,5.60
305.60,891.30,26.60,5.70
303.20,891.00,26.80,5.40
308.80,890.80,26.60,5.30
305.00,890.50,25.90,5.40
302.20,890.20,26.50,4.90
302.10,890.00,26.10,4.80
290.00,889.80,26.20,4.60
288.80,889.70,26.40,4.70
301.90,889.40,25.60,4.60
311.30,889.20,24.80,4.90
316.90,889.10,24.60,5.00
321.60,888.90,25.00,4.90
322.30,888.70,25.40,4.80
324.60,888.60,25.30,4.90
317.50,888.50,25.60,4.60
323.60,888.30,25.30,4.60
326.20,888.20,24.60,4.70
327.00,888.00,25.10,4.70
318.30,887.90,25.70,4.40
312.20,887.60,26.80,3.80
290.30,887.50,26.40,3.90
299.50,887.20,25.60,4.10
260.60,887.00,26.40,3.70
240.40,886.80,29.40,3.40
272.20,886.60,29.10,3.70
266.30,886.40,28.40,3.80
274.50,886.10,29.40,3.40
268.00,885.90,28.20,3.60
291.10,885.60,27.70,3.90
276.60,885.40,28.60,3.60
262.30,885.20,29.70,3.00
282.40,884.90,28.50,3.20
289.00,884.70,28.40,3.10
286.70,884.50,28.80,2.90
281.60,884.30,28.50,3.00
270.00,884.10,28.70,2.90
259.40,884.00,29.70,2.40
277.40,883.70,28.50,2.70
288.20,883.70,29.10,2.40
287.40,883.60,28.80,2.50
304.30,883.50,28.60,2.40
310.10,883.30,27.50,2.90
306.40,883.20,27.50,3.00
306.60,883.20,28.10,2.80
308.80,883.20,27.80,2.80
307.70,883.20,27.90,2.80
311.10,883.00,27.30,3.00
293.80,883.00,28.20,2.60
333.40,882.90,26.80,3.00
89.80,883.10,37.80,-0.80
90.60,883.40,38.50,-0.70
92.20,884.20,50.60,-0.50
100.70,885.50,55.10,-0.60
91.10,887.90,58.50,-0.80
93.40,891.70,60.50,-0.90
88.40,897.10,57.70,-0.70
100.80,901.80,54.30,-0.40
97.50,905.90,51.20,-0.10
98.90,909.80,48.20,0.90
107.70,914.90,48.50,1.00
107.90,933.50,46.50,1.50
104.70,933.30,45.20,1.60
105.60,918.50,45.80,1.70
102.10,919.00,44.70,2.10
108.40,917.80,43.90,3.10
100.40,917.10,42.90,3.50
104.30,917.00,42.20,3.60
92.30,917.40,42.00,3.90
101.70,917.90,41.80,3.90
110.50,916.10,38.70,5.20
117.00,916.90,38.40,5.00
100.80,915.90,37.70,5.20
110.10,918.50,35.60,5.60
101.20,915.50,34.80,6.20
112.10,915.70,34.00,6.30
100.20,914.50,33.30,6.30
100.40,918.10,33.60,6.40
107.60,915.80,32.90,6.50
92.70,914.60,32.00,6.90
96.80,917.10,31.50,6.70
97.90,915.00,31.70,6.70
104.50,916.10,32.00,6.90
100.10,915.90,32.10,7.10
101.30,916.20,32.80,6.60
106.10,916.40,33.00,6.70
106.80,915.40,34.20,6.50
103.40,916.10,34.80,6.30
96.90,915.50,35.40,6.30
91.80,915.90,36.50,5.70
90.90,917.30,37.00,5.50
91.80,907.10,37.40,5.20
93.40,897.30,37.90,5.00
94.30,894.20,38.20,4.80
93.90,892.60,39.70,4.60
89.00,891.80,41.20,4.20
90.20,891.50,41.50,3.90
95.40,891.20,42.40,3.70
91.40,890.90,43.70,3.30
94.00,890.70,44.50,3.00
87.20,890.40,44.80,2.70
86.20,890.20,45.00,2.20
84.00,889.90,45.60,2.10
88.10,889.70,46.30,1.90
86.40,889.50,47.90,1.70
84.20,889.30,48.90,1.30
80.30,889.10,49.30,1.20
78.00,889.00,49.60,1.20
83.10,888.80,50.50,0.90
75.90,888.60,50.50,1.00
77.30,888.50,50.60,1.00
76.40,888.30,50.80,1.00
76.10,888.20,51.00,0.80
79.50,888.00,50.80,0.80
81.90,887.80,51.10,0.80
85.40,887.70,51.50,0.80
84.40,887.50,52.00,0.60
81.80,887.40,52.30,0.60
81.50,887.20,52.90,0.40
82.80,887.00,52.80,0.60
85.60,886.90,53.10,0.50
79.90,886.70,53.50,0.40
77.80,886.50,53.60,0.50
77.40,886.30,54.00,0.40
84.10,886.10,54.10,0.40
81.20,885.90,54.40,0.40
75.90,885.60,54.20,0.50
74.50,885.50,54.50,0.40
76.20,885.20,54.20,0.60
72.00,885.00,54.50,0.50
86.60,884.80,54.60,0.50
93.80,884.50,55.00,0.50
97.40,884.30,55.30,0.40
104.90,884.10,56.10,0.20
106.70,883.80,56.40,0.20
107.20,883.60,56.20,0.30
100.90,883.40,55.90,0.30
84.20,883.30,56.20,0.20
87.60,883.20,57.00,0.30
87.40,883.00,56.70,0.40
82.80,882.90,56.90,0.40
80.70,882.90,56.60,0.40
86.40,882.80,56.60,0.30
99.20,882.80,56.60,0.20
109.30,882.60,56.80,0.20
103.80,882.50,56.60,0.30
115.60,882.60,58.00,0.20
107.90,883.00,57.00,0.30
110.30,883.60,56.20,0.50
99.40,884.70,56.00,0.70
100.20,886.50,55.70,1.00
99.20,889.30,54.60,1.30
109.40,893.30,53.40,1.70
93.00,898.00,52.40,2.20
94.60,902.10,50.30,3.10
114.20,905.10,50.00,3.60
82.80,906.60,47.70,4.50
113.50,910.30,47.70,4.60
126.10,914.90,47.00,5.00
153.60,927.20,44.50,6.20
222.30,929.00,40.60,7.80
304.10,917.10,43.90,6.80
331.50,914.30,45.10,6.60
280.50,914.70,38.80,9.40
236.80,913.50,38.10,9.80
325.70,912.90,40.90,8.40
323.20,912.30,40.00,9.20
300.10,913.10,37.90,9.90
314.00,912.00,36.90,10.60
293.60,911.70,34.60,12.00
18.40,911.40,32.20,11.60
256.10,911.80,32.90,12.10
309.80,911.60,36.00,10.40
59.50,912.50,31.90,11.50
86.80,912.00,30.20,12.40
125.00,911.20,29.90,11.90
127.30,911.60,28.30,11.60
102.20,906.80,29.30,11.60
87.90,912.50,30.00,11.50
84.90,911.80,29.90,12.10
99.30,910.30,29.60,11.80
84.90,907.90,30.80,11.70
68.40,907.70,30.80,11.80
83.30,897.10,31.40,11.60
86.00,894.40,31.30,11.40
74.20,893.70,31.90,11.30
298.90,892.70,33.50,11.00
312.80,892.20,35.90,10.50
311.30,891.90,37.60,10.10
288.00,891.60,38.10,10.00
268.20,891.30,38.80,9.80
292.40,891.20,39.90,9.50
287.30,891.00,40.00,9.40
280.10,890.80,40.70,9.20
305.40,890.60,41.10,9.10
287.30,890.50,41.90,8.90
286.80,890.30,41.90,9.00
293.50,890.20,42.50,8.80
302.00,890.00,42.40,8.90
291.20,889.90,42.60,8.80
317.00,889.80,44.80,8.10
314.30,889.60,44.20,8.10
301.10,889.50,44.20,7.90
290.40,889.30,44.60,7.70
305.30,889.10,43.10,7.80
296.60,889.00,42.90,7.60
295.30,888.80,42.00,7.60
302.40,888.80,42.20,7.60
285.00,888.60,43.00,7.40
263.30,888.50,44.10,6.80
294.10,888.30,43.90,6.70
297.30,888.10,44.30,6.50
299.90,888.00,42.90,6.90
300.00,887.80,42.60,7.20
303.60,887.60,43.40,6.90
299.90,887.50,44.30,6.60
299.60,887.20,45.30,6.30
297.20,887.10,47.10,5.80
298.50,886.80,46.70,6.00
298.30,886.70,46.80,6.40
295.70,886.40,47.30,6.60
292.70,886.30,49.00,6.10
289.60,886.10,49.40,6.00
282.80,885.90,52.30,5.20
280.30,885.70,52.40,5.30
294.50,885.40,51.50,5.70
296.20,885.30,51.10,5.80
300.20,885.10,50.50,5.90
304.20,884.90,50.30,6.10
302.90,884.80,50.50,6.00
297.90,884.60,49.90,6.00
300.40,884.50,51.00,5.60
299.70,884.30,51.90,5.60
296.00,884.20,52.80,5.50
303.70,884.20,53.30,5.50
299.40,884.10,55.20,5.10
299.20,884.00,54.80,5.40
292.80,883.90,55.60,5.10
290.00,883.90,55.60,5.10
291.10,883.80,55.70,5.10
295.90,883.70,56.30,5.00
294.60,883.60,56.40,5.00
293.50,883.70,54.50,5.50
292.60,884.10,53.90,5.70
294.10,884.50,54.30,5.50
294.60,886.10,52.70,6.00
295.70,886.30,52.10,6.20
295.80,888.10,50.90,6.60
293.20,888.50,50.00,6.70
294.70,891.10,49.60,6.80
290.80,893.40,49.00,7.10
293.80,897.80,49.10,7.20
294.00,896.40,48.90,7.30
295.90,899.90,48.50,7.60
289.10,902.00,46.80,8.10
288.50,902.40,46.10,8.30
274.50,913.70,44.50,8.80
290.00,910.80,43.30,9.00
277.90,918.80,41.90,9.20
281.80,923.70,40.60,9.90
277.10,913.50,37.70,10.30
287.30,913.70,36.50,11.20
276.30,912.30,34.40,11.60
286.90,913.20,32.30,12.60
282.40,912.80,31.60,12.50
279.10,912.20,30.70,12.90
271.50,912.60,30.20,13.20
289.60,911.20,30.40,13.60
296.00,912.50,30.40,13.80
300.40,910.80,29.40,14.20
291.50,910.60,27.20,15.00
290.20,911.70,27.50,14.60
296.40,909.90,26.60,14.80
280.00,911.50,27.00,14.70
267.20,911.60,26.40,15.20
271.30,910.30,25.50,15.40
274.80,910.20,26.00,15.40
273.10,910.30,25.80,15.30
275.00,910.90,27.00,14.90
266.40,910.30,27.10,15.20
271.80,910.60,27.40,15.00
282.30,910.80,27.00,15.40
291.00,910.50,27.60,15.00
288.20,910.60,27.60,15.00
285.70,899.70,27.80,14.60
296.60,895.30,28.00,14.30
307.80,893.20,29.10,13.90
310.10,892.30,29.10,13.80
307.90,892.00,29.40,13.70
287.60,891.80,29.30,13.60
291.30,891.50,29.40,13.60
300.10,891.30,29.50,13.50
304.00,891.10,29.90,13.40
298.20,890.90,29.80,13.40
307.20,890.80,29.90,13.40
316.00,890.60,29.10,13.40
310.10,890.50,28.80,13.30
323.70,890.30,28.20,13.80
319.90,890.20,28.60,13.70
322.50,890.10,28.70,13.80
323.30,890.00,29.60,13.70
323.30,889.90,30.40,13.60
316.70,889.80,30.70,13.50
319.50,889.70,30.50,13.50
313.50,889.50,30.80,13.40
313.60,889.50,31.00,13.30
311.20,889.30,31.70,13.00
310.90,889.30,31.20,13.20
321.40,889.00,31.80,12.90
316.90,888.90,32.30,12.60
311.20,888.80,31.30,13.10
308.60,888.60,32.00,12.80
297.30,888.50,32.60,12.50
300.40,888.40,33.30,12.10
300.20,888.30,33.30,12.20
301.00,888.20,34.00,11.80
305.30,888.00,33.70,11.90
310.40,887.90,34.20,11.60
305.00,887.70,34.00,11.50
311.10,887.50,34.40,11.30
307.40,887.30,34.60,11.30
309.30,887.20,34.80,11.30
308.50,887.10,35.20,11.20
309.20,886.80,35.50,11.10
300.70,886.70,36.10,10.90
281.40,886.50,36.30,10.90
260.80,886.40,37.00,10.90
260.50,886.20,37.50,10.80
259.40,886.10,38.40,10.70
275.30,886.00,36.60,11.50
266.00,885.70,38.80,10.70
282.50,885.70,36.60,11.60
285.60,885.50,36.60,11.60
283.80,885.30,36.90,11.50
280.40,885.20,37.10,11.40
282.10,885.20,37.10,11.50
289.20,885.00,37.70,11.00
310.60,884.90,38.10,10.80
311.60,884.90,38.10,10.80
315.30,885.30,38.40,10.80
317.20,885.90,39.00,10.60
312.40,886.90,38.80,10.60
309.40,888.70,39.00,10.60
310.10,891.10,39.20,10.50
305.00,894.20,39.60,10.50
298.30,897.30,39.50,10.80
299.50,899.90,38.40,11.60
298.70,902.20,37.80,12.00
299.80,904.40,37.10,12.30
307.60,907.20,36.80,12.80
317.40,918.60,36.50,13.00
303.70,924.20,35.90,13.40
296.70,923.70,33.60,14.70
276.60,909.70,32.10,15.20
260.40,908.90,27.60,18.10
257.10,907.90,27.60,18.30
284.20,908.00,27.10,18.90
219.50,907.00,24.50,20.50
206.80,907.00,22.80,21.20
290.40,906.70,24.20,20.80
295.40,905.90,24.60,19.70
291.90,905.80,23.40,19.30
299.80,906.40,25.30,19.30
284.00,907.30,23.70,19.30
297.80,907.20,19.60,19.70
318.50,906.60,18.90,20.00
295.00,906.40,16.90,20.40
299.00,906.10,15.90,20.40
299.40,906.00,15.90,20.40
300.60,906.00,15.10,20.80
306.20,906.30,13.60,20.40
302.50,906.80,14.30,20.70
313.80,906.30,14.00,20.50
307.10,906.00,13.90,20.10
267.60,906.60,14.60,20.90
292.20,906.00,14.00,20.90
281.80,906.00,14.20,20.50
296.40,906.80,13.60,20.90
298.50,906.70,13.20,20.60
317.00,906.60,12.80,20.30
306.10,906.90,13.20,20.20
311.70,906.00,12.90,20.00
310.30,895.60,12.90,19.60
310.30,892.40,13.20,18.80
268.60,891.90,13.00,18.90
135.00,891.60,12.80,19.30
123.50,891.50,12.90,19.30
114.00,891.20,14.80,18.30
115.30,890.90,23.40,16.80
115.80,890.80,25.10,16.50
129.90,890.70,25.00,16.70
105.30,890.50,26.70,15.80
87.30,890.40,28.00,15.30
81.70,890.20,27.80,15.00
82.10,890.10,29.10,14.80
83.00,890.00,30.20,14.70
81.10,889.80,30.60,14.50
84.40,889.70,30.90,14.50
84.80,889.60,30.80,14.60
84.30,889.50,31.40,14.70
87.90,889.40,32.40,14.60
83.30,889.30,33.20,14.60
81.40,889.10,33.80,14.50
80.50,889.00,34.30,14.40
88.10,889.00,35.70,14.10
82.90,888.90,37.10,14.00
85.10,888.70,38.90,14.00
78.50,888.60,40.00,13.90
76.50,888.50,40.90,13.90
76.50,888.40,41.60,13.70
70.00,888.30,41.20,13.50
70.20,888.20,41.20,13.50
67.40,888.00,42.00,13.10
77.00,887.90,43.00,13.10
73.20,887.80,43.20,13.10
57.80,887.60,43.00,13.10
25.20,887.50,41.30,13.30
60.50,887.30,41.90,13.30
80.10,887.30,42.00,13.20
62.80,887.10,42.90,12.90
80.20,887.00,43.10,13.00
79.50,886.80,43.80,12.70
84.40,886.80,45.60,12.20
81.90,886.70,46.90,11.80
78.80,886.50,47.80,11.50
84.20,886.40,50.60,11.20
87.70,886.20,50.90,11.00
81.70,886.10,51.80,10.90
75.10,885.90,52.00,10.80
66.60,885.80,53.60,10.50
67.90,885.70,49.00,10.60
66.60,885.70,45.20,10.80
68.90,885.50,43.90,10.70
68.70,885.30,44.60,10.70
69.80,885.70,48.10,10.50
78.80,886.50,45.40,10.60
63.60,887.10,45.50,10.90
75.10,886.80,46.40,11.10
59.30,886.90,47.90,11.00
63.60,888.80,49.90,10.60
71.00,889.20,48.50,11.20
65.30,895.20,47.90,11.80
82.70,894.90,47.60,11.50
333.80,896.60,46.50,11.70
73.10,901.00,46.10,12.40
61.60,905.40,45.10,12.80
315.30,906.80,42.50,13.90
63.10,901.60,44.70,14.00
65.90,898.10,45.30,13.60
273.20,905.30,41.90,14.20
82.20,903.50,43.50,14.60
244.40,918.40,38.50,15.90
246.00,917.10,36.20,17.00
309.50,908.70,38.40,16.10
315.70,902.90,39.90,15.70
305.40,899.00,39.70,15.70
278.20,902.30,39.90,15.70
304.00,902.50,40.20,15.90
298.90,898.40,39.80,15.90
304.80,897.50,39.70,15.70
294.00,897.40,41.90,14.70
292.40,896.30,44.30,13.10
291.50,895.30,44.00,12.50
293.60,896.40,36.80,12.20
295.60,894.00,34.30,11.80
282.90,893.40,33.50,11.80
295.30,893.10,33.80,11.70
291.50,892.40,34.30,11.60
292.80,891.90,32.80,11.70
293.60,891.70,35.00,11.60
299.20,891.90,36.80,11.30
294.90,891.90,35.90,11.30
295.30,891.20,34.20,11.40
296.30,890.90,33.10,11.40
289.10,890.50,34.00,11.30
295.50,890.20,33.50,11.10
293.40,889.90,29.20,11.20
301.20,889.60,27.90,11.20
300.70,889.40,27.00,11.00
296.20,889.10,25.90,10.90
301.00,889.00,25.60,10.80
296.80,888.80,25.30,10.70
295.60,888.60,25.00,10.50
294.30,888.40,24.90,10.30
294.70,888.10,24.70,10.20
293.10,887.90,24.80,10.00
296.10,887.50,24.80,9.90
291.90,887.30,25.20,9.70
295.30,887.00,25.40,9.50
293.90,886.70,25.50,9.40
294.40,886.50,25.90,9.10
293.40,886.30,26.10,9.10
293.60,886.00,26.30,8.90
297.30,885.80,26.30,8.80
298.70,885.50,26.80,8.60
297.40,885.30,27.00,8.30
302.70,885.20,26.70,8.20
307.40,885.00,27.00,8.00
301.60,884.90,27.10,7.90
292.60,884.80,27.60,7.60
286.90,884.70,27.30,7.60
299.40,884.60,27.60,7.30
303.00,884.60,27.30,7.40
301.90,884.50,27.20,7.20
302.50,884.40,27.20,7.10
297.10,884.40,27.90,6.60
300.70,884.30,25.90,6.90
280.90,884.20,26.20,6.60
275.70,884.20,26.30,6.30
295.00,884.10,26.70,5.80
276.30,884.10,26.20,6.00
248.70,883.90,26.70,5.60
272.70,883.90,25.70,5.30
276.10,883.80,24.80,5.30
281.40,883.80,23.80,5.40
278.80,883.70,23.90,5.20
278.20,883.70,23.70,4.90
290.50,883.60,23.50,4.70
287.50,883.60,23.00,4.60
288.10,883.40,22.60,4.60
286.70,883.40,22.30,4.60
284.00,883.30,22.40,4.40
283.10,883.30,22.50,4.10
292.30,883.20,23.20,3.70
294.60,883.10,22.80,3.70
293.20,883.10,22.60,3.70
295.40,883.00,22.50,3.80
297.40,883.00,22.40,4.10
296.40,883.00,21.90,4.30
298.60,882.90,22.10,4.10
298.20,882.90,22.10,4.00
299.50,883.20,21.10,4.20
300.80,883.60,21.80,4.20
302.60,884.30,22.10,4.20
297.40,886.10,20.70,4.60
290.20,886.90,20.40,4.90
296.80,888.10,20.40,5.00
296.20,891.70,20.20,5.10
298.20,895.40,20.20,5.40
289.40,898.40,20.10,5.60
289.90,900.90,20.00,6.00
295.70,899.40,19.90,6.30
280.90,899.10,19.80,6.40
289.50,898.20,19.70,6.40
287.90,902.30,19.90,6.50
293.90,904.10,19.60,6.80
288.90,909.50,19.00,6.80
288.70,905.70,18.70,7.10
284.50,906.00,18.20,7.00
295.90,905.00,17.60,7.50
295.20,904.60,17.60,7.70
282.10,928.80,17.10,8.20
273.20,917.30,16.60,8.00
272.30,914.30,16.20,8.60
292.50,914.00,16.10,8.80
297.30,914.10,16.00,9.20
303.60,913.50,15.80,9.30
305.90,913.70,15.30,9.60
303.40,912.80,14.70,10.20
299.40,913.00,14.80,10.00
298.50,912.20,14.00,10.60
300.50,912.10,13.30,10.70
309.20,912.90,13.10,10.90
